{"cameraMode":{"drawMode":0,"name":"Shaded","section":"Shading Mode"},"sceneLighting":true,"audioPlay":false,"sceneViewState":{"showFog":true,"showMaterialUpdate":false,"showSkybox":true,"showFlares":true,"showImageEffects":true,"showParticleSystems":true},"in2DMode":false,"pivot":{"x":-6.644396781921387,"y":-88.11741638183594,"z":219.34634399414063},"rotation":{"x":-0.1940692961215973,"y":0.006470699328929186,"z":-0.0012925559422001243,"w":-0.9809855818748474},"size":244.6800537109375,"orthographic":false}